,parenting,babybumps,beyondthebump
covid,1650,1322,702
corona,184,99,47
coronavirus,259,179,122
sars-cov-2,0,0,0
covid-19,0,0,9
2019-nCoV,0,0,0
birth interventions,0,21,5
home birth,158,429,164
induced,31,475,64
flu shot,12,34,17
tdap,2,15,0
vaccination,12,6,8
vaccine,33,18,28

query terms,parenting,babybumps,beyondthebump
covid,1569,1280,719
corona,184,102,55
coronavirus,262,178,122
sars-cov-2,0,0,0
covid-19,7,5,1
2019-nCoV,0,0,0
birth interventions,0,25,5
home birth,163,438,175
induced,33,504,69
flu shot,13,35,18
tdap,2,17,0
vaccination,13,8,9
vaccine,33,19,32

query terms,parenting,babybumps,beyondthebump
covid,1538,1207,732
corona,192,108,59

query terms,parenting,babybumps,beyondthebump
covid-19,362,296,148
coronavirus,241,166,104
corona,164,93,58
covid,1188,909,512
sars-cov-2,0,0,0
2019-nCoV,0,0,0
birth interventions,0,25,4
home birth,131,413,162
induced,30,436,61
flu shot,10,33,15
tdap,3,17,0
vaccination,11,7,8
vaccine,27,18,27